SrcIP_Entropy,DstIP_Entropy,SrcPort_Entropy,DstPort_Entropy,type
0.8277165068887369,0.879014711680073,0.8628103819624768,0.839472844582706,0
0.7348254916745376,0.030633206925160493,0.9960455102265052,0.030633206925160493,1
0.8234315868398475,0.847190185978141,0.9535154175841156,0.6890300098391363,0
0.8326739461610804,0.8703401560957443,0.7782911720392969,0.9187338831828886,0
0.7755371427656708,0.81159977801669,0.9599317996773826,0.6212317265242581,0
0.8587704672718656,0.3025777154206803,0.987985462838148,0.278548641096976,1
0.867485937,0.045895183,0.99604551,0.041940694,1
0.866426661,0.5592592670000001,1.0,0.423529899,1
0.8281794779753039,0.8682955648019932,0.8883536082153378,0.8878528317315983,1
0.847720185049428,0.8262290870331217,0.7981217540479867,0.927018024956166,0
0.6907711410810994,0.7600450277692271,0.7887277379490172,0.8195544073756464,0
0.7776677655017723,0.7986206306381224,0.7969942220908668,0.8571661408646278,0
0.8344084970897105,0.8338341192039352,0.9747804639053108,0.5373948289495704,0
0.8383629868632052,0.8580843604325744,0.9384692948660504,0.7397492763140824,0
0.831174768,0.431877557,1.0,0.322286937,1
0.7716973756868838,0.7674307047285441,0.9787349536788053,0.5786059995859865,0
0.8245609278106211,0.8479620223540539,0.9322503712629208,0.7286065680714079,0
0.8178187016198195,0.8044626348456138,0.9297884789431482,0.7300218552158365,0
0.8298712257723803,0.8344724827816292,0.7747832816521926,0.8837563805399539,0
0.7743703894094832,0.768477309903888,0.934712263582693,0.6543315864344421,0
0.8156053430882882,0.8099097220728305,0.8985985530335703,0.7284492202006738,0
0.8097122635826932,0.7894165121275486,0.8609231721479851,0.8316664104843711,0
0.838960231619275,0.8701506627668139,0.9999999999999998,0.4918321108658023,0
0.853606568071408,0.8234632473371736,0.9920910204530108,0.5582302105694011,0
0.8061278124459132,0.95,0.7780639062229566,0.9875,0
0.9096016122786958,0.8954269066678514,0.9858252943891556,0.6438481418215246,0
0.8201978581441622,0.7945377552572307,0.9157116510911332,0.7422141932697955,0
0.8204780524297294,0.8231830530516066,0.9221280331844004,0.7345258825881928,0
0.8343574217916069,0.8328648243378849,0.9092125332024364,0.7574176638585952,0
0.883466437,0.0,0.989164595,0.0,1
0.8473200327042301,0.8810710165327147,0.8189273661579632,0.9716073334537328,0
0.8377886089774298,0.8674859374332856,0.9693333766780938,0.6676822277225116,0
0.8501342492524814,0.8688267753636428,0.8375640512256316,0.8688267753636432,0
0.9317445267173824,0.8976167900760739,0.8847354891422484,0.9317445267173824,0
0.829879629,0.045895183,0.99604551,0.057165623,1
0.8541298706590797,0.8230683303568991,0.9960455102265052,0.5808809111957687,1
0.7854109470559502,0.6795261220669048,0.984182040906022,0.5193196363786822,1
0.7861000476364332,0.7965536552986247,0.8402505012972019,0.8174237846395449,0
0.7972427558791076,0.8169004820518729,0.9629169945848268,0.6109660100195353,0
0.8579828388671866,0.8225053146673399,0.897451650518135,0.7816066686600238,0
0.8148335067123752,0.8447282936583687,0.9414544897734946,0.7281799905938071,0
0.7802123936169747,0.7720232197844183,0.8794004820518729,0.7809331546947837,0
0.8430940306353968,0.8117492879094534,0.9718874756352108,0.6580575905216504,0
0.8622027855285417,0.8058045609090593,0.8569698756307099,0.8312195451970081,0
0.8484853249417257,0.8630081450721192,0.9604551022650544,0.684151761305131,0
0.81612864567596,0.8242350837130865,0.9550080150378376,0.663076049753948,0
0.8340826529921763,0.8044626348456139,0.8988416613356748,0.7642881619503659,0
0.8089915025048838,0.8318182191625412,0.8349317996773826,0.8208549718253675,0
0.8095671142093078,0.8002496939185185,0.9460720718325484,0.6163527161454101,0
0.8869641714176707,0.8975166406049989,0.9453598698860968,0.7892501578699532,0
0.8859892873909201,0.9039270785505374,0.8778820351205894,0.9479099131401036,0
0.8175385073342524,0.7790456402607869,0.9312810763968704,0.7128907595736371,0
0.745607664820538,0.7256434681144782,0.8364290603086842,0.7832218206441774,0
0.8448775587509629,0.8458154370298951,0.9858252943891552,0.6399531830356562,0
0.8659933399795635,0.8344084970897109,0.9691359181879564,0.6359856867738921,0
0.7470011421798662,0.7632276811668087,0.8949699073576102,0.6836149095111973,0
0.8023639990087901,0.8074478297530581,0.8016459361649697,0.8595452973889703,0
0.8106815584487435,0.8099097220728305,0.969333376678094,0.6657119774930849,0
0.8388352141527734,0.3460664476445766,0.9920910204530108,0.27882089957482503,1
0.9712175832802088,0.9424351665604176,0.7480131795778384,1.0,0
0.8296821709403032,0.8392812064311519,0.9678407792243718,0.6827474388394027,0
0.920438394,0.0,1.0,0.0,1
0.7580291277278329,0.7557646938981979,0.9053407792243721,0.6713425338957978,0
0.8189854549760072,0.7752886089774296,0.9762730613590328,0.5618989668647644,0
0.8387579038434799,0.4036867184497853,0.9960455102265052,0.3804691902682065,1
0.8469927274880036,0.7988180891282596,0.9520228201303934,0.6850755200656417,0
0.8398750893734144,0.8763673177230875,0.9823381882461552,0.6355956493622174,0
0.8338341192039352,0.7949783220494727,0.9866439332257942,0.5956202782151253,0
0.8447282936583688,0.8521139706176858,0.950332764186534,0.6934842654231019,0
0.8477645638639165,0.8455001300342815,0.9732878664515884,0.6192474869801899,0
0.8220217251815553,0.8227424862593643,0.9881365306795163,0.6046534996487034,0
0.7453883965453002,0.7696440632600756,0.860151335772072,0.7486966236098619,0
1.0,0.9298966940476158,0.9298966940476158,1.0,0
0.8479620223540539,0.8321440632600756,0.964409592038549,0.6496846649126811,0
0.7199768274466094,0.0,0.9920910204530108,0.0,1
0.7500690728827404,0.770613358126126,0.9194686823744904,0.6176401668317604,0
0.7783248791829777,0.8239865499248454,0.9090978105077288,0.7228019762493305,0
0.836546257670615,0.8088087781424578,0.938643641033608,0.7264131535883829,0
0.8748716143926029,0.8217731913933142,0.9960455102265052,0.6279163347202279,0
0.8605472125234677,0.8311481737240952,0.9556210257954576,0.7021260466948664,0
0.8516679783393074,0.8563943044887149,0.9841820409060218,0.6143947963551626,0
0.7403873015964618,0.7532657155949631,0.9100160300756754,0.6588604540937122,0
0.847198744869207,0.8023534419184285,0.933538747723081,0.7589732617417444,0
0.7887515221907194,0.7848198164502845,0.956367480463116,0.6098897037321231,0
0.8122888785971732,0.5246416202401689,0.9960455102265052,0.3707337254145501,1
0.848364048235721,0.8306019497222448,0.8969261956912026,0.8088640300321861,0
0.7497888785971731,0.17908180654846662,0.9802275511325272,0.19639236309616687,1
0.7888932095398766,0.6808212610304895,0.9866439332257942,0.5404894048342929,1
0.8005243127894752,0.08535061596011005,1.0,0.0794641580406714,1
0.766461409862494,0.7824257521485061,0.763613050684524,0.86123535333283,0
0.8388862894508772,0.4763481261541544,1.0000000000000002,0.3635675400154221,1
0.9100052092619964,0.920062511143956,0.9467083407626374,0.9100052092619964,0
0.7784396018776852,0.7544004820518729,0.955977309903888,0.589252212919319,0
0.7330526999352482,0.75272842369265,0.9653788869045996,0.5021563528207513,0
0.7596189877705811,0.7748434880624726,0.8361946023395364,0.7605661317757103,0
0.8112048610364153,0.8385604453533426,0.9920910204530108,0.5928781916097857,0
0.8504239146738262,0.8249558447908958,0.8934773099038881,0.7667735910473391,0
0.8684552322993359,0.6527454022130177,0.9723185715855382,0.5504059944759119,1
0.8422664013385962,0.8390837479410145,0.9045689428484588,0.7561872631058035,0
0.82830483,0.25574572100000004,0.991294877,0.199618415,1
0.7457707414270746,0.7589984225938832,0.9320529127727832,0.5995203615227329,0
0.8020007425258413,0.8373426166990513,0.929067717865339,0.7193333766780938,0
0.7545089327965687,0.7975516454459185,0.6715391406032427,0.9636961814093916,0
0.8255302226766713,0.8234632473371736,0.9811968459985776,0.5931267253980268,0
0.8308489242964909,0.8336366607137977,0.9732878664515886,0.6474776621848738,0
0.8178187016198196,0.2357358006687628,0.9960455102265052,0.2265805515086384,1
0.8368193140000001,0.0,1.0,0.0,1
0.7478557143512089,0.18848338354917785,0.9826894434522996,0.2086892057648761,1
0.8402505012972019,0.8242350837130865,0.9085745079200568,0.7650464491200172,0
0.8140140262084263,0.8489242539578843,0.9418739749524851,0.6812729295240517,0
0.862393876,0.34256353100000003,1.0,0.300005741,1
0.8058088491073021,0.8031674958820288,0.950332764186534,0.6661385549706859,0
0.7649177371106681,0.7523335067123753,0.9668714843583216,0.5839771399796896,1
0.8042501721853866,0.8668158828907094,0.7665839622507225,0.9256472727667664,0
0.7920758629374581,0.7905832654837359,0.9470990354908488,0.6024026150253301,0
0.828712876,0.712788935,0.99604551,0.466972544,1
0.7694829984652941,0.7555270145352478,0.8775278378950033,0.7291526258272656,0
0.8018032840357039,0.8161286456759602,0.9369766974123284,0.7175550457462404,0
0.8464694249003316,0.8437589987923183,0.969333376678094,0.6679845350428455,0
0.8257276811668087,0.7929250096226645,0.9266058255455668,0.6947603159878609,0
0.7500690728827402,0.503402793587704,0.8503868286903641,0.610977514345296,1
0.8276662708989093,0.7757802510677757,0.9023555843169276,0.7210373082301668,1
0.8505502988002954,0.8674668161422672,0.8674668161422672,0.9405265763074836,0
0.8170468652439066,0.38546543321130017,0.9920910204530108,0.2922120479611228,1
0.8452515962460405,0.8232657888470362,0.9717952689978664,0.6389167817472917,1
0.8575610578449024,0.5407659932884442,0.9960455102265052,0.45597730990388796,1
0.7864313172201042,0.7805382377145089,0.9409311871858226,0.653336027539044,0
0.7711877360119015,0.7643944345229963,0.8294847124501661,0.7731899731406059,0
0.8136667533561877,0.8071676354674909,0.8800385073342525,0.7591904555978843,0
0.8187879964858698,0.8058724965039061,0.8590536552986245,0.8232341283497102,0
0.8617205347614437,0.7984842324122777,0.8612925326461321,0.9110489767463632,0
0.7841668833904691,0.7689233021822663,0.9614243971311046,0.5846804738188339,0
0.8350326325369231,0.8451923827700709,0.7994447440407078,0.8784065617167678,0
0.7799321990000001,0.658771966,0.888719323,0.7085992170000001,1
0.8191138405834045,0.8195598328617827,0.9253106865819818,0.7207486638225225,0
0.8648395751757656,0.8843899266589325,0.9205421528597044,0.7576393377810772,0
0.8179157687102784,0.8602438722204715,0.8366296204665531,0.9291572447382452,0
0.8131434507685157,0.8210013550174012,0.8957417437335231,0.7699327076677198,0
0.8014774399381694,0.8040166425672354,0.9747804639053108,0.6264499722776956,0
0.8172953990321478,0.7745678478996204,0.8491744255222088,0.7946981277639055,0
0.8355752504458983,0.8046600933357511,0.9960455102265052,0.5857811590581128,0
0.7892190536374111,0.7800149351268374,0.9376974584901376,0.6682647293284124,0
0.8170979405420103,0.8314233021822663,0.8800385073342525,0.7965536552986247,0
0.7729470399649989,0.7630483916773789,0.9215745350174992,0.695641800751853,0
0.8400530428070647,0.7647202786205309,0.9456064380371264,0.7174662805490383,0
0.8674339240736616,0.8310139413928923,0.8349052024487087,0.8981855348035793,0
0.852927355,0.5906751570000001,0.966759732,0.576835552,1
0.8270228201303935,0.7980462527523469,0.8989243971311048,0.7801807331196484,0
0.7471295277872634,0.18452889377568324,1.0000000000000002,0.21947291716785008,1
0.82197065,0.045895183,0.988136531,0.045895183,1
0.8377886090000001,0.30038980600000004,0.941651948,0.328205548,1
0.8032131456939965,0.8338341192039352,0.9525461227180656,0.6801601855481739,0
0.766461409862494,0.369647474117322,0.9960455102265052,0.3736636551746236,1
0.8202805940000001,0.611025323,0.99604551,0.455722475,1
0.8103557143512089,0.5783754657035505,1.0000000000000002,0.43512986226295264,1
0.7955843604325745,0.8415456402607869,0.917006790054718,0.7170773929705357,0
0.7469374947832623,0.7611607058273111,0.8146871235203414,0.786087475537933,0
0.8791903886243365,0.8636118761904735,0.968842975132274,0.6541073911659371,0
0.799015547618397,0.5459445716298398,0.9960455102265052,0.42965737445201946,1
0.8195290334057314,0.8310458059076299,0.9462751838013028,0.6728469851805509,0
0.8529027898353174,0.8377902059455405,0.9308636706949628,0.7892081532370219,0
0.8180163757394884,0.8157465293093319,0.8579702650229263,0.8549289946654581,0
0.7291809459571835,0.7602424862593643,0.7938115686932852,0.8231194056550026,0
0.8644061205387134,0.8512751045049395,0.8463414087701973,0.9095042234608812,0
0.9065289253968212,0.9065289253968212,0.968842975132274,0.8227563510581947,0
0.8674859374332856,0.8266969760328591,0.9787349536788053,0.6161907984697008,0
0.8368193141113794,0.8155542677901845,0.9550080150378376,0.6533622915683918,0
0.8234632473371736,0.6440942113786601,0.9448856769593172,0.6103225592510195,1
0.8776851867904134,0.8980709889920111,0.9592283955968044,0.8215245950836549,0
0.8237117811254147,0.8313722268841628,0.9157116510911332,0.7474097220728304,0
0.8338341192039352,0.8289103345643904,0.9653788869045994,0.687131530726439,0
0.7917439193401079,0.8530017666406421,0.9229134479649604,0.7178826426700116,0
0.8755644656905186,0.8441122867272097,1.0000000000000004,0.5279829351645206,0
0.840773803884874,0.8298796294304405,0.9920910204530108,0.6133424392917308,0
0.8910803248473778,0.8716895098347425,0.9394740519345216,0.7450735778589062,0
0.8200003996540248,0.8106304831506398,1.0000000000000002,0.5348518619945289,0
0.8140616703364623,0.8091378856969177,0.7923700465376667,0.8845162996954189,0
0.8465999452425671,0.8411822426955659,0.8510301957159283,0.8604243050876798,0
0.8031674958820288,0.8069245271653862,0.9920910204530108,0.5989397673421812,0
0.8178187016198195,0.7672332462384068,0.8491744255222089,0.8170152047465805,0
0.7718238572952916,0.8016732302498152,0.8764604118547707,0.7893600746399806,0
0.833439202,0.691900482,0.7904314570000001,0.79991577,1
0.8082196661289709,0.8200320601513509,0.9599317996773824,0.6688281425354876,0
0.8951748440425252,0.8844289327304549,0.9314685550531568,0.8043901778802398,0
0.806185934,0.396494021,0.96020536,0.404652934,1
0.8082196661289711,0.8479620223540539,0.94015935080991,0.6773003516121859,0
0.8668746832595814,0.8224070648666609,0.8507997314129278,0.8952673498058482,0
0.7666588683526312,0.3918818153045671,1.0000000000000002,0.3362848566413483,1
0.8191709379773701,0.7867346965196667,0.9688217313218224,0.6376742494970766,0
0.8012134468949712,0.8279614650997874,0.9187344617949796,0.7665490045229575,0
0.8343574217916071,0.8382346012558081,0.9881365306795163,0.6468120983815914,0
0.9132684766868748,0.9132684766868748,0.8699027150303126,0.8969003409387056,0
0.7336341727628733,0.7537220553341668,0.5896715324490757,0.9943568730800404,1
0.7174832746295111,0.7442781439733527,0.7308393414037169,0.8707707414270746,0
0.8565917629788522,0.7721001724432641,0.9826894434522996,0.5860287274069818,1
0.8607919096108463,0.8883251856314041,0.9111103650130504,0.8183049714202811,0
0.8504355626307958,0.8312304248194309,0.9116040176591576,0.7560819807136736,0
0.7949836114953659,0.8451163335881817,0.9238440216039916,0.6900556204564341,0
0.8191138405834043,0.8174928575222851,0.9241439332257942,0.7318197846258334,0
0.8511446757516354,0.8121741559024654,0.8596280331844002,0.827909379201014,0
0.8499779223954479,0.7961587383183499,0.9841820409060218,0.6106123208692554,0
0.8608173508146386,0.8677307403985164,0.9019524838674818,0.7985414944728829,0
0.8495457356489129,0.8807957356489129,0.9583333333333334,0.6814589193885373,0
0.7464915025048838,0.7549928575222851,0.8944466047699382,0.7169173468658125,0
0.8538620477996733,0.8698537350814736,0.8670381557278273,0.8307394606693982,0
0.8101071805629678,0.8360985530335702,0.8471901859781409,0.8360158172381406,0
0.8910146308905472,0.8670774954461619,0.8697525724742803,0.8812522010570069,0
0.770613358126126,0.16266014663276762,0.9920910204530108,0.16266014663276762,1
0.7872595283040296,0.40856342630382503,0.9609084875019503,0.4561067503647664,1
0.8016474012654017,0.6477260710894561,0.9919072044235582,0.5669960616057856,1
0.7309857245957505,0.061120112616978535,0.9881365306795163,0.061120112616978535,1
0.8207602968383247,0.7981980584157341,0.9161275643211092,0.7521260083955068,0
0.8158028015784254,0.8170979405420105,0.9030763453947368,0.7582722360299378,0
0.8224622919737972,0.8336366607137978,0.9557798514137508,0.6783244235144928,0
0.8056293882018014,0.8387579038434799,0.9337429687166428,0.7218353796172694,0
0.7696440632600756,0.4274136570907525,0.9802275511325274,0.3908111224430269,1
0.7765371331608308,0.799701063181687,0.8433409249778372,0.8227809689235194,0
0.7917500190000001,0.73198668,0.977044898,0.5421188379999999,1
0.9003073851013291,0.8673671152809433,0.8739551692450205,0.8406859398715186,0
0.7744851121041906,0.7756144530749641,0.8274688124087719,0.8176672193436014,0
0.8541298706590797,0.8336366607137978,0.9787349536788053,0.5336656938375638,0
0.7602424862593645,0.11373042888145846,0.9960455102265052,0.11689907180763726,1
0.9184567911936088,0.9107622975418276,0.9592283955968044,0.8776851867904135,0
0.8437981791301189,0.8721840772503471,0.8320656062192276,0.8842891738132811,0
0.8217731909999999,0.769186502,0.901188831,0.753662727,1
0.9011575366850628,0.7607399726889995,0.958424899318874,0.8595824360039367,0
0.7576522083321949,0.12163940842844755,1.0000000000000002,0.13667152067511004,1
0.8609391866267674,0.891926317295864,0.9355630125722678,0.7689819424312929,0
0.8136667533561878,0.8462208911120908,0.7903858069935986,0.8682577738091987,0
0.7211892306147647,0.7474607973709341,0.9542872539600286,0.547040084598358,0
0.7553155502566075,0.8454160984121689,0.930784195764548,0.7273008173250954,0
0.8068595878826149,0.4773245258386318,0.9437780258211714,0.5139681870301777,1
0.8010825229578947,0.8178187016198196,0.9629169945848268,0.6590725790007028,0
0.8829893998061924,0.7851497683695918,0.9379510235003852,0.7881787363075841,0
0.780538237714509,0.7500690728827403,0.9055382377145088,0.7085133940606946,0
0.7783248791829778,0.822545027769227,0.7840841475950394,0.8991218556212422,0
0.8289103345643903,0.8368193141113797,0.9960455102265052,0.5791908552519092,0
0.829682171,0.292480826,0.984182041,0.272525713,1
0.8076452882431955,0.7743703894094829,0.95746990735761,0.6469289153946519,0
0.8377419079065958,0.8135159590638756,0.9176673297271304,0.7709452681025803,0
0.7523018462150491,0.7787197961632525,0.7980462527523465,0.8325846300523179,0
0.7891679783393075,0.5768828682498284,0.9881365306795163,0.466846255172464,1
0.7703648243378849,0.7495914201070358,0.9960455102265052,0.3987340540048354,0
0.7990155476183971,0.7683489242964909,0.9345148050925558,0.6979910200476055,0
0.87464413,0.433102054,0.953300831,0.433102054,1
0.8093864194851587,0.8187879964858698,0.9376974584901376,0.7205913159517883,0
0.822497867,0.543958625,0.967821233,0.480054359,1
0.8398555843169274,0.8311747683940253,0.912477922395448,0.7617350837130864,0
0.8185078022003027,0.8373426166990513,0.9604551022650546,0.6599527090810232,0
0.7715315776940725,0.7687769189902327,0.8049542769359594,0.8396581258267903,0
0.8230683303568991,0.8122888785971731,0.964409592038549,0.6586384817186127,0
0.8419676733158937,0.9504402287649184,0.7769810294421321,0.8821744315721143,0
0.8360985530335704,0.7800149351268372,0.9787349536788053,0.6343562535906957,0
0.7850160300756753,0.7551903160124223,0.977242356225083,0.5517324027167104,0
0.8074478297530582,0.8259251396569459,0.8958564664282307,0.7741729309193458,0
0.7505923754704122,0.061120112616978535,1.0000000000000002,0.057165622843483976,1
0.8390837479410145,0.8298796294304405,0.9747804639053108,0.6724456398553814,0
0.8921389997879845,0.8821099780813121,0.9260114564806476,0.8033344900218341,0
0.8598254916745376,0.8375911504872924,0.977242356225083,0.6182290242413854,0
0.8179157687102786,0.9055429929843268,0.8316662002060912,0.8710863067254399,0
0.8477369635018086,0.8158412554873402,1.0,0.6150047758484313,0
0.7425370127313893,0.74909977801669,0.8650751204116169,0.7252404454983302,0
0.85340911,0.552884256,0.99604551,0.427740918,1
0.8311747683940255,0.8193112990735417,0.8721295277872633,0.7962734610130575,0
0.8146360482222379,0.85412987065908,0.9249157696017072,0.7168261609483058,0
0.8253437003932026,0.8402018859415249,0.6945200475889901,0.9851418144516784,0
0.8125690728827402,0.8316207606724038,0.9360074025462779,0.7100465223720901,0
0.7761351463679527,0.8514068112843346,0.8855311819676567,0.8206563978208948,0
0.7922733214275954,0.7894165121275485,0.9282958814894262,0.6966131452885909,0
0.7614435274147465,0.2871583365052087,0.9737135634209912,0.31135815143009016,1
0.8078938220314366,0.8336366607137978,0.8737559363345191,0.8035444152776671,0
0.8328648243378851,0.81159977801669,0.9085234326219532,0.7431750380137688,0
0.7570087575636792,0.28852633640061354,0.9960455102265052,0.23177353526691635,1
0.8205865323967035,0.8954269066678512,0.9140138880559998,0.8333779301682365,0
0.8402505012972019,0.8442049910706968,0.96368883096074,0.6260468178708677,0
0.8002279507865521,0.8191138405834043,0.8247267258034324,0.854818971239563,0
0.7818616902799193,0.8690444931489553,0.7890303695979861,0.9400925043428712,0
0.8022492763140823,0.8176212431296821,0.8605462527523468,0.8244781920151913,0
0.8560879164010436,0.8164417563493368,0.7480131795778384,0.9712175832802088,0
0.8296626754429652,0.8083386505229084,0.9145888200165068,0.7589101001064361,0
0.7890189379769754,0.7957972299904801,0.8238708622567193,0.8267746508784475,0
0.8215757329031768,0.7298700465376667,0.7411591379723748,0.9098696468836418,0
0.7638659413555456,0.0,0.995647438601177,0.0,1
0.794666140864628,0.8178187016198196,0.9282958814894262,0.708361891914367,0
0.7136380820645878,0.306940501460639,0.9559773099038882,0.32425105800833937,1
0.8396542707802112,0.8406866657426294,0.8602932600136582,0.8250081121615519,0
0.7834461223126598,0.7847412612762446,0.8873094615988621,0.7538771794642011,0
0.8119640906612122,0.8906705425713153,0.8788636820310907,0.8702921083962671,0
0.7963561968084872,0.7950610578449026,0.9542872539600286,0.6193448160058972,0
0.8239865499248457,0.8027725789017542,0.9090150747122993,0.7136064215672618,0
0.7317575609716634,0.045895183417724285,0.9920910204530108,0.061120112616978535,1
0.8232657888470362,0.8025751204116168,0.8795979405420103,0.7848876444682782,0
0.7391748984283069,0.7557646938981981,0.8630081450721192,0.7128797948949368,0
0.7965536552986247,0.8122888785971731,0.7707737306328009,0.8789544897734947,0
0.8148335067123753,0.8249558447908958,0.8396070505286864,0.8396901127260679,0
0.8387810685714358,0.8590917220947483,0.8587191984427056,0.8363376694738252,0
0.8617186471562275,0.796670004671384,0.8400357663279464,0.9267672896410716,0
0.8303489622302441,0.7766791077248576,0.9929126471945778,0.5377830907565334,0
0.8071180033471926,0.7898400004340255,0.8457653211003346,0.7851940777593845,0
0.9218533099827114,0.8611730721041444,0.8205687986494468,1.0,0
0.7807867715027502,0.8143047786385671,0.8904921149964438,0.7725465223720902,0
0.777718840799876,0.7629018370692742,0.8889995175427216,0.7198995171373158,0
0.8163261041660974,0.34362041501655205,0.9960455102265052,0.269723182399191,1
0.7846585254808148,0.7666588683526313,0.9201067076568701,0.693727373725207,0
0.8522112023607246,0.8256221313237014,0.9396184310124892,0.726350952269914,0
0.7725975976701939,0.7772217732233941,0.9881365306795163,0.5996204178005872,0
0.859791148,0.147051346,0.990336938,0.156714408,1
0.8031674958820291,0.8375911504872923,0.977242356225083,0.6722481813652441,0
0.7491508533147936,0.17756998544991753,0.977242356225083,0.1815244752234121,1
0.828961409862494,0.8381144530749642,0.8763642118463251,0.8148335067123753,0
0.7520533124268082,0.3594827653717929,0.9550080150378376,0.3809452701831253,1
0.721635222893143,0.2900189338543357,0.936007402546278,0.3137458724953029,1
0.8455001300342815,0.8392812064311519,0.8712940440147465,0.8183103437101653,0
0.7743014558042738,0.2583523596889077,0.9935642465603168,0.2390450993698589,1
0.8437589987923183,0.7963561968084872,0.9747804639053104,0.6354539340641431,0
0.8283870319767185,0.8308489242964907,0.9470990354908488,0.7101377082895971,0
0.8464694249003316,0.8176212431296822,0.9747804639053104,0.6075637248303957,0
0.8550991655251301,0.8368193141113796,0.9480683303568991,0.7103777919557609,0
0.7720548802817445,0.7909091095812708,0.8348490638819528,0.7948635993547652,0
0.847190185978141,0.8210013550174012,0.8894400843349637,0.7793398238609954,0
0.8041824405600466,0.8143875144339969,0.9550080150378376,0.6020738393485401,0
0.8112048610364153,0.8289103345643903,0.9960455102265052,0.5044143576600864,0
0.8120914201070358,0.8328648243378849,0.9550080150378376,0.6463078841927453,0
0.8462208911120905,0.8550991655251301,0.9708259741318159,0.6306267608282414,0
0.8909478540072342,0.7422322795066582,0.768175357665461,0.9818246423345388,0
0.7907116510911332,0.4864605340212361,0.9960455102265052,0.3569161959115716,1
0.8281895734865811,0.8160775703778564,0.9826894434522996,0.6393893354388117,0
0.7579145724631929,0.4649641878540524,0.8800180653537383,0.5277537595390387,1
0.8462208911120908,0.8178187016198195,0.9653788869045994,0.6025252174961432,0
0.8027725789017544,0.8091889609950212,0.9495609278106212,0.6462278466313047,0
0.803341210844885,0.8254330490730407,0.9616365205524368,0.6686122123110948,0
0.8527882161120292,0.8401456302467339,0.9648182942595652,0.6919845547530331,0
0.7875980705762918,0.7728267166576572,0.9708259741318159,0.578032225615847,0
0.811453395,0.403277909,1.0,0.35155759,1
0.7885467805189096,0.8244490141030473,0.8701506627668139,0.9423309401415207,0
0.7955147578291565,0.8534289796784242,0.8367108570857095,0.8807985180122843,0
0.8619076448444011,0.8600789806874132,0.8782848046619329,0.8736402177552923,0
0.743703766087577,0.2725257128470367,1.0000000000000002,0.26066224352655304,1
0.8421561339481477,0.8581824134553995,1.0,0.6322323246978604,0
0.79873535333283,0.7070779013068483,0.9322503712629208,0.6345248230040721,1
0.7504459922783785,0.5297141149935822,0.9683640818120436,0.491950715551017,1
0.8274177371106683,0.8081685908308673,0.916234953678805,0.7653637293890465,0
0.8178187016198196,0.8390837479410145,0.9668714843583216,0.6511662976877028,0
0.835326717,0.305568115,0.973287866,0.318400879,1
0.8287128760742529,0.8196745555564903,0.9347122635826932,0.7283975409869341,0
0.7254239146738263,0.21413629299209275,0.9920910204530108,0.16726105323918194,1
0.7871961234753733,0.17476282597613374,0.9780540765510308,0.16658380941930198,1
0.8296821709403032,0.7958328942208156,0.8850450277692271,0.7747653063897579,0
0.8432356962046466,0.5310959074019117,0.9881365306795163,0.4567324380814281,1
0.7511350928588616,0.5624669222865328,0.9614243971311046,0.5350286021741757,1
0.840773803884874,0.8432356962046466,0.9051433207342344,0.7252584430829667,0
0.9279127770288872,0.9158982398670352,0.9308576902429788,0.8227268557863093,0
0.8091889609950212,0.8130923754704125,0.9480683303568987,0.6539513358710206,0
0.7787654459752198,0.7891679783393075,0.8862890914347079,0.7403348025559242,0
0.8246756505053288,0.8264995175427217,0.9045689428484588,0.7613401667328119,0
0.8279921149964438,0.6452364387304877,0.9169557147566144,0.6665856380632534,1
0.7317091897462443,0.8107047976968256,0.667544283848605,0.9805948349213466,0
0.77722719870953,0.7831975885244189,0.8934773099038881,0.7241287757102415,0
0.754745453013587,0.7657004452114503,0.95592220464145,0.5966190733554969,0
0.7436210302921471,0.27551090775448084,0.9480683303568992,0.3137458724953029,1
0.7848876444682783,0.5127781509196854,0.9352355661703652,0.5175044770690929,1
0.818016160109957,0.8140616703364624,0.9683640818120436,0.6416809813873979,0
0.8306514658063535,0.847713488565813,0.9463782744130396,0.6771348800213265,0
0.8670774954461619,0.8077951346251706,0.9787379415837334,0.7030737597686189,0
0.8056604522924332,0.8246610559492362,0.8672009114216401,0.7845671158274254,0
0.8351292581675198,0.7817049910706966,0.7945377552572306,0.8664022462744796,0
0.8340057680063702,0.8802951999118841,0.8142114684166001,0.9354337756958734,0
0.7387289061499284,0.7643944345229964,0.9826894434522996,0.5235348849872238,0
0.8121741559024656,0.3578621896627772,0.9802275511325274,0.3366648706438653,1
0.8361503661659818,0.8762446512304328,0.924757563927066,0.8301099627754789,0
0.8069245271653862,0.8359010945434328,0.8392812064311518,0.8331133581261259,0
0.8061526907894734,0.8110764754290181,0.9866439332257942,0.5581854910750215,0
0.8422664009999999,0.565985529,1.0,0.445422561,1
0.8565917629788523,0.8447282936583687,0.8784311871858228,0.792318971239563,0
0.7596364478762628,0.7784712623750113,0.9826894434522996,0.5088271678664397,0
0.7985515076129018,0.4232323223991295,0.9390915759284724,0.4546831800078442,1
0.9136527498406264,0.8452241730691279,0.8740065897889193,0.9712175832802088,0
0.82592514,0.552387422,0.944113841,0.567283833,1
0.7893802240977471,0.8622201894592856,0.7881753486099183,0.916395526143964,0
0.842758043428942,0.8128949169802747,0.9092952689978664,0.7517220428431374,0
0.852055378,0.228988106,0.983067487,0.234001517,1
0.8105979014967568,0.7998943509379935,0.9757900724084766,0.6141339652589253,0
0.8224939524711233,0.8108790169388808,0.9478708718667616,0.6867856679124907,0
0.7748936919971551,0.7861827834318632,0.9565006124915598,0.6048819010141029,0
0.8429555019190794,0.8381144530749642,0.8910154175841156,0.7925164297297004,0
0.8659933399795635,0.8377886089774297,0.9584392022236604,0.6817273950772006,0
0.7648350013152384,0.788318831654101,0.9525461227180654,0.6026375996073094,0
0.8073650939576282,0.6757897565738274,0.9295910204530108,0.6339422482115952,1
0.7720232197844182,0.7859853249417258,0.8867350837130864,0.7378797594647222,0
0.7802123936169747,0.7817049910706968,0.9028788869045992,0.6871172974677779,0
0.8677381002642248,0.8402638886480491,0.92075810360593,0.7119248174305438,0
0.7932585829555083,0.9158523114305804,0.7620681518079693,0.9807769800471736,0
0.7819480993728013,0.8240376252229491,0.8793177462564433,0.7890215951472738,0
0.7388947041427398,0.6341876436574673,0.9295910204530108,0.5814524771411272,1
0.8354879258992239,0.8238092213701041,0.908267858956978,0.7867673014898448,0
0.7356664009331908,0.4830808224638294,1.0000000000000002,0.36980989668310144,1
0.8447282936583687,0.8145849729241343,1.0000000000000002,0.5860021543254508,0
0.7666588683526313,0.2101818032185982,0.9787349536788053,0.2249200043950668,1
0.81507661501448,0.7645918930131338,0.8556735434109056,0.7973254916745374,0
0.8232442127212048,0.8436339500078011,0.8350394412385868,0.8650795655634242,0
0.8250069200889996,0.8222191836716924,0.912477922395448,0.7599112166756937,0
0.7988180891282598,0.7993413917159315,0.8967110385995734,0.7307511801221509,0
0.7839694249003318,0.7453938220314364,0.9668714843583214,0.5073113912859647,0
0.8694245270000001,0.123315454,0.99209102,0.119360964,1
0.8373936919971551,0.7789629044653571,0.8989243971311046,0.7681971156183209,0
0.8343604297372124,0.8452241730691279,0.8740065897889193,0.9315714232285018,0
0.8158484513903932,0.8002596112838781,0.8784311871858227,0.7932882661056132,0
0.7376087572705002,0.017365272148693357,0.9954194841613622,0.017365272148693357,1
0.7846074501827114,0.7629018370692742,0.9241439332257942,0.6690545632889621,0
0.8328648243378849,0.8358500192453292,0.8477645638639166,0.8227424862593643,0
0.9289519888060837,0.8774543290953343,0.9735140509532348,0.762544420551221,0
0.8422664013385964,0.8163261041660974,0.8657958814894262,0.8104840999586059,0
0.7658870319767186,0.2488148926958835,0.9960455102265056,0.2354588259216777,1
0.7844927274880037,0.18303629632196114,0.9960455102265052,0.14690336212801136,1
0.8262509837544806,0.8477134885658131,0.9334627744310756,0.7122874194245246,0
0.8722330005417991,0.8952673498058481,0.8561580486951456,0.9236600163521148,0
0.8417430987509243,0.8314233021822662,0.972318571585538,0.6220471183937852,0
0.7625382735335169,0.016400868524962236,0.9957188243884262,0.016400868524962236,1
0.8287128760742529,0.847713488565813,0.9386667533561877,0.7399096488207574,0
0.8247583863007585,0.8392812064311518,0.9426212431296822,0.7031068376911513,0
0.8242350837130865,0.7750911504872924,0.8319466047699383,0.8211671530102125,0
0.8165235626562349,0.8665166425672354,0.8863401667328118,0.7831975885244189,0
0.8024632950658019,0.7927470404713473,0.9313509876504182,0.7081150471564561,0
0.8521912809269794,0.8200831354494547,0.977242356225083,0.6173715411405296,0
0.7743703894094832,0.7800149351268372,0.9589625048113324,0.5954374861418412,0
0.8539324121689426,0.8687810763968705,0.9584392022236604,0.6669103913465987,0
0.8178187016198196,0.7669074021408725,0.7657726356839625,0.8609231721479851,0
0.8464694249003316,0.8254791473785676,0.9391900559438596,0.6857646206461248,0
0.7351887481574862,0.7533028015784257,0.8971516053918154,0.6664609541940092,0
0.7610143226352774,0.312937932002898,0.9960455102265052,0.2518161331638643,1
0.8101012696414118,0.8029479296989639,0.9515458447082159,0.6568832128697284,0
0.8064468743896817,0.8308489242964909,0.8519165121275484,0.8198346016612136,0
0.7920312325222617,0.2427390522766712,0.9935642465603168,0.2491748057163542,1
0.7906289152957036,0.8357036360532956,0.969333376678094,0.6736526175374001,0
0.8491790073699389,0.9138646883853212,1.0,0.7155850770628135,0
0.8583328942208154,0.8338341192039351,0.9337429687166428,0.730227877534479,0
0.8402505012972024,0.8163261041660974,0.8734246667508481,0.7764264000702804,0
0.7617861590111902,0.7837208911120906,0.8408248791829775,0.7825625878779802,0
0.7854620223540539,0.7886446757516357,0.8109757420489517,0.826668013769522,0
0.9162274256613738,0.8227563510581947,0.9629629629629628,0.7954178142857101,0
0.8193820026016112,0.9397940008672035,0.7591760034688151,1.0,0
0.8260573241680437,0.862617480463116,0.8730341471297827,0.8275030443814387,0
0.8193820026016112,0.8795880017344075,0.7966576244513051,0.9397940008672035,0
0.752136048222238,0.7306418829135798,0.7824768274466096,0.8447282936583684,0
0.832341521750213,0.8291588683526314,1.0000000000000002,0.5504359537171195,0
0.8517190536374109,0.8272202786205308,0.9186968459985776,0.7385688600452053,0
0.836621855621242,0.7948635993547652,0.9456064380371264,0.7035474044833936,0
0.8437589987923183,0.8249558447908958,0.7100975976701941,0.9280984229992888,0
0.7359605845333992,0.7540746379543386,0.6813069201879481,0.9265230897501368,0
0.7263877840537404,0.7941428382769559,0.8247267258034324,0.7992269954231759,0
0.8400530428070648,0.8291588683526314,0.9169240542592882,0.7273335421425898,0
0.802887302,0.297538924,0.91700679,0.328205548,1
0.8632127846238772,0.8452747864182496,0.8761734618159567,0.8183501715135646,0
0.7641142402374292,0.7734010945434331,0.9960455102265052,0.4512931825886105,0
0.8432356962046466,0.8388352141527735,0.9104620223540538,0.7402409184044282,0
0.7690836746889413,0.7754860674675672,0.9092125332024364,0.7052939612114928,0
0.8249558447908958,0.8289103345643904,1.0000000000000002,0.5782089882873586,0
0.7992130061085344,0.8375911504872924,0.700796754049549,0.9307577738091986,0
0.7260619399562058,0.11373042888145846,0.9826894434522996,0.117684918654953,1
0.8761005719122955,0.8667475589334345,0.6591554610142469,1.0,0
0.7399413093180836,0.6001827427683544,0.9683640818120436,0.5212319686077277,1
0.8493201544309925,0.8611364997968683,0.9317777144087666,0.7427629347666621,0
0.814382732897871,0.8135606507697041,0.8367336771641494,0.8430985118797822,0
0.8272202786205309,0.8129459922783785,0.9668714843583214,0.6260352492765311,0
0.7552359658243899,0.3084330989143611,0.9881365306795163,0.3159039049899981,1
0.7960303527109528,0.8018032840357039,0.8332928190316268,0.8125911859175071,0
0.8133409092586532,0.5394383307215286,0.9297884789431482,0.5866872466359389,1
0.8266969760328589,0.8266969760328589,0.9092952689978664,0.7652435812082028,0
0.8987154886667355,0.8524398460347835,1.0,0.4589116372794962,0
0.8362960115237076,0.8082196661289709,0.9589625048113322,0.6296956691562452,0
0.7965536552986247,0.7898570789197905,0.9172042485448554,0.7120998347988984,0
0.8789577239767459,0.8947005584793583,0.8494014377155028,0.9045013584746456,0
0.8541298706590797,0.8155542677901845,0.9480683303568991,0.6773840909117794,0
0.9073624413620336,0.9138646883853212,0.859903822669587,0.9245895036849692,0
0.7977204086548123,0.8049859374332856,0.9107878664515884,0.7190616325146039,0
0.7691207606724038,0.7757802510677755,0.8720148050925557,0.7614889706451504,0
0.8674971566609978,0.8240701444672299,0.9344700005325206,0.7932710386289757,0
0.847190186,0.4388172420000001,0.99209102,0.35580877200000005,1
0.8084171246191084,0.7725008725601228,0.8897202786205309,0.7608569747645432,0
0.7523335067123753,0.3651273110891469,0.9920910204530108,0.3421952866743365,1
0.8896094129185831,0.9126767571460598,0.8822850546209359,0.8628798895422823,0
0.8306514658063535,0.3302484885505985,0.9960455102265052,0.3072933862855439,1
0.8138642118463251,0.7814247967851295,0.9134472172614982,0.72191541717871,0
0.8264995175427217,0.8099097220728304,0.9841820409060218,0.6041557144501574,0
0.8375911504872924,0.8124226896907065,0.9802275511325274,0.6152067433504788,0
0.8473014668838019,0.8431895128525075,0.8901031535352952,0.7928813461958232,0
0.861069555,0.219841184,1.0,0.200472305,1
0.7606600464975534,0.7680921910948039,0.9178385934978897,0.614731901839764,0
0.8212498888056422,0.828961409862494,0.9109853249417258,0.7553697769179232,0
0.8442049910706967,0.8227424862593643,0.8664393322579419,0.8312258436921292,0
0.8620388502060691,0.6988525786559991,0.9881365306795163,0.5275268077958749,1
0.8526372732053576,0.8244325422032239,0.9920910204530109,0.6086134149083342,0
0.7477729785557791,0.0971660989989871,0.9920910204530108,0.08925711945199798,1
0.8471901859781409,0.8368193141113794,0.9841820409060218,0.6305039144134084,0
0.840773803884874,0.8398555843169274,0.9376974584901376,0.7137718931581213,0
0.8193112990735417,0.6881465485910325,0.9920910204530108,0.4965897503464849,1
0.9783171191717188,0.8101688176255807,0.9783171191717188,0.8183528854996652,0
0.8130578507936422,0.8850704007936474,0.7479043992502107,0.968842975132274,1
1.0,1.0,0.763230027,1.0,1
0.8141389806457558,0.8373426166990515,0.8996451582089141,0.7725465223720903,0
0.8456975885244189,0.8689785348870078,0.9478708718667616,0.6975334591748906,0
0.834357421791607,0.8259762149550497,0.95746990735761,0.6964929971077469,0
0.8545758629374581,0.8082196661289709,0.9629169945848268,0.7048023191211472,0
0.8187879964858701,0.8526372732053576,0.9480683303568991,0.686608228138767,0
0.8353267166576571,0.8373936919971551,0.9092952689978664,0.723525435561129,0
0.8049859374332855,0.7720232197844183,0.9337429687166428,0.6766197011537801,0
0.7889552824286271,0.8001571999477151,0.97051653913727,0.5944946125284647,0
0.7818844519761975,0.7840841475950393,0.8737048610364153,0.7441954081779226,0
0.8351292581675199,0.8185394626976287,0.9762730613590328,0.6514556887355689,0
0.8635682179081604,0.9201009429707626,0.8847764425864912,0.9405672578067118,0
0.8281895734865811,0.8104330246605024,0.9384692948660504,0.6699175855823817,0
0.9027890065087104,0.8740065897889193,0.8740065897889193,0.884870333120835,0
0.7732727089360356,0.8128949169802748,0.8400530428070647,0.8417430987509243,0
0.8131434507685158,0.8274177371106682,0.9164324121689424,0.7446359749701648,0
0.8056293882018014,0.8289103345643904,0.893477309903888,0.7794862070530291,0
0.7730241751477949,0.7963051215103836,0.9100160300756754,0.7303878099327743,0
0.8545317177664883,0.7887393403193147,0.9172575463478938,0.7720414728729327,0
0.7558930795055951,0.2420755248057597,0.9920910204530108,0.21413629299209275,1
0.7091793781022472,0.25821646969659484,0.9320529127727832,0.28468227540441954,1
0.8701506627668139,0.8244490141030473,0.9807769800471736,0.7787473654392807,0
0.7946812621318267,0.7804822792483428,0.9115291905792277,0.6826252239255209,0
0.8427123936169746,0.4817952133813711,0.9960455102265052,0.4026954877000412,1
0.8549017070349927,0.8383629868632053,0.9614243971311048,0.6916382853509424,0
0.7426060856141296,0.7443101308726303,0.8869781920151912,0.6671078498367361,0
0.7639167817472918,0.7832486638225225,0.8731815584487433,0.7402099350093141,0
0.9024660397593184,0.8579039776121675,0.8335924317451372,0.9400925043428714,0
0.9375,0.90625,1.0,0.90625,0
0.832152178,0.396694086,0.981856756,0.38566512,1
0.8175385073342524,0.8114023195265526,0.9520228201303934,0.6890105950383587,0
0.8193112990735417,0.79978738399431,0.8491744255222089,0.8380827925776381,0
0.7775530428070647,0.7807867715027502,0.9644095920385491,0.566511500637052,0
0.7323635993547651,0.3356955757778152,0.9691359181879564,0.3572183315421579,1
0.9298966940476158,0.9298966940476158,0.7632300273809492,1.0,0
0.843257406,0.728723349,1.0,0.532636136,1
0.8225450277692271,0.8029700373918917,0.9629169945848268,0.6660513707968809,0
0.8025282207664516,0.8321784091443662,0.9705677104028064,0.5398594211494117,0
0.8131434507685158,0.8069245271653861,0.9386667533561877,0.7109585988318367,0
0.7819991746709051,0.6251232460033607,0.9589625048113324,0.6418052515446651,1
0.8402505012972019,0.8128949169802747,0.9557798514137508,0.6714072721065908,0
0.8225450277692269,0.7978487942622094,0.9251132280918446,0.7382566788603603,0
